{
  "update_timestamp": "2025-05-19 04:49:31",
  "voivodeships": {
    "dolnoslaskie": {
      "date": "2025-05-15",
      "prices": {
        "PB95": 5.72,
        "PB98": 6.53,
        "ON": 5.82,
        "LPG": 3.03
      }
    },
    "kujawsko-pomorskie": {
      "date": "2025-05-15",
      "prices": {
        "PB95": 5.83,
        "PB98": 6.65,
        "ON": 5.87,
        "LPG": 3.03
      }
    },
    "lubelskie": {
      "date": "2025-05-15",
      "prices": {
        "PB95": 5.84,
        "PB98": 6.66,
        "ON": 5.86,
        "LPG": 2.97
      }
    },
    "lubuskie": {
      "date": "2025-05-15",
      "prices": {
        "PB95": 5.68,
        "PB98": 6.36,
        "ON": 5.65,
        "LPG": 3.05
      }
    },
    "lodzkie": {
      "date": "2025-05-15",
      "prices": {
        "PB95": 5.68,
        "PB98": 6.4,
        "ON": 5.67,
        "LPG": 2.9
      }
    },
    "malopolskie": {
      "date": "2025-05-15",
      "prices": {
        "PB95": 5.64,
        "PB98": 6.44,
        "ON": 5.69,
        "LPG": 2.82
      }
    },
    "mazowieckie": {
      "date": "2025-05-15",
      "prices": {
        "PB95": 5.92,
        "PB98": 6.71,
        "ON": 5.89,
        "LPG": 2.98
      }
    },
    "opolskie": {
      "date": "2025-05-15",
      "prices": {
        "PB95": 5.77,
        "PB98": 6.52,
        "ON": 5.83,
        "LPG": 2.99
      }
    },
    "podkarpackie": {
      "date": "2025-05-15",
      "prices": {
        "PB95": 5.66,
        "PB98": 6.45,
        "ON": 5.69,
        "LPG": 2.93
      }
    },
    "podlaskie": {
      "date": "2025-05-15",
      "prices": {
        "PB95": 5.88,
        "PB98": 6.66,
        "ON": 5.89,
        "LPG": 3.0
      }
    },
    "pomorskie": {
      "date": "2025-05-15",
      "prices": {
        "PB95": 5.74,
        "PB98": 6.53,
        "ON": 5.85,
        "LPG": 2.91
      }
    },
    "slaskie": {
      "date": "2025-05-15",
      "prices": {
        "PB95": 5.68,
        "PB98": 6.45,
        "ON": 5.73,
        "LPG": 2.83
      }
    },
    "swietokrzyskie": {
      "date": "2025-05-15",
      "prices": {
        "PB95": 5.77,
        "PB98": 6.45,
        "ON": 5.77,
        "LPG": 2.86
      }
    },
    "warminsko-mazurskie": {
      "date": "2025-05-15",
      "prices": {
        "PB95": 5.7,
        "PB98": 6.37,
        "ON": 5.68,
        "LPG": 2.84
      }
    },
    "wielkopolskie": {
      "date": "2025-05-15",
      "prices": {
        "PB95": 5.74,
        "PB98": 6.55,
        "ON": 5.8,
        "LPG": 2.92
      }
    },
    "zachodniopomorskie": {
      "date": "2025-05-15",
      "prices": {
        "PB95": 5.7,
        "PB98": 6.47,
        "ON": 5.7,
        "LPG": 3.05
      }
    }
  }
}